"Variable","W","P.value","Normality"
"dis_all",0.94358849464647,7.36311880480975e-11,"No"
"dis_num",0.922409577845766,3.89012022522623e-13,"No"
"nul_all",0.928578679592408,1.60413446614159e-12,"No"
"age",0.988542489842366,0.00434727544631492,"No"
"height",0.975588377642786,4.94365764758426e-06,"No"
"weight",0.870005869520034,2.42854934972634e-17,"No"
"bmi",0.792834313525799,1.08536074725831e-21,"No"
"dialysis",0.480820411675234,8.29219000781577e-32,"No"
